{
    "replace": true,
    "order": 0,
    "allow_random": true,
    "exclude_random": 
        [
            "origins:human"
        ],
    "allow_random_unchoosable": false,
    "origins": 
        [
            "base:human",
            "base:avian",
            "upgraded:adapted_avian",
            "base:arachnid",
            "upgraded:adapted_arachnid",
            "base:blazeborn",
            "upgraded:adapted_blazeborn",
            "base:elytrian",
            "upgraded:adapted_elytrian",
            "base:enderian",
            "upgraded:adapted_enderian",
            "base:feline",
            "upgraded:adapted_feline",
            "base:merling",
            "upgraded:adapted_merling",
            "base:phantom",
            "upgraded:adapted_phantom",
            "base:shulk",
            "upgraded:adapted_shulk",
            "soulwisp:soulwisp",
            "soulwisp:adapted_soulwisp",
            "raccoon:raccoon",
            "raccoon:adapted_raccoon",
            "moborigins:bee",
            "moborigins:drowned",
            "moborigins:guardian",
            "moborigins:elder_guardian",
            "moborigins:evoker",
            "moborigins:fox",
            "moborigins:slime",
            "moborigins:snowgolem",
            "moborigins:strider",
            "moborigins:witch",
            "extraorigins:floran",
            "extraorigins:inchling",
            "extraorigins:piglin",
            "extraorigins:truffle"
        ]
}