{
    "name": "Adapted Feline",
	"description": "You killed the giant flying mouse! Now you just feel grumpy and aggressive as an Adapted Feline.",
    "icon": 
        {
            "item": "minecraft:orange_wool",
            "amount": 1,
            "tag": "{Enchantments: [{id: mending, lvl: 1}]}"
        },
    "order": 11,
    "impact": 1,
	"unchoosable": true,
    "powers": 
        [
            "origins:fall_immunity",
            "origins:sprint_jump",
            "origins:nine_lives",
            "origins:scare_creepers",
            "origins:cat_vision",
            "upgraded:freehand",
            "upgraded:faster_attacks",
            "upgraded:attack_stop"
        ]
}