{
    "name": "Adapted Avian",
	"description": "Wow, what an achievement. You, a flightless bird of all origins, have managed to defeat the Ender Dragon. You feel your ancestor's pride beaming down upon you, evolving you into an Adapted Avian.",
    "icon":
        {
            "item": "minecraft:feather",
            "amount": 1,
            "tag": "{Enchantments: [{id: mending, lvl: 1}]}"
        },
    "order": 11,
    "impact": 1,
	"unchoosable": true,
    "powers": 
        [
            "origins:slow_falling",
            "origins:fresh_air",
            "origins:tailwind",
            "origins:lay_eggs",
            "upgraded:gain_air",
            "upgraded:broiler_bolt"
        ]
}