{
    "replace": true,
    "order": 10,
    "enabled": true,
    "allow_random": true,
    "exclude_random": 
        [
            "origins-classes:nitwit"
        ],
    "allow_random_unchoosable": false,
    "origins": 
        [
            "origins-classes:blacksmith",
            "origins-classes:cleric",
            "origins-classes:cook",
            "origins-classes:farmer",
            "origins-classes:rancher",
            "origins-classes:miner",
            "origins-classes:rogue",
            "origins-classes:warrior",
            "origins-classes:archer",
            "origins-classes:beastmaster",
            "origins-classes:lumberjack",
            "origins-classes:explorer",
            "origins-classes:nitwit",
            "trident:proficient"
        ]
}