{
	"name": "Dependance",
	"description": "Your tether in this second life is bound to Soulfire. Without any, be it held or near you, you cannot maintain your tether to this realm, and thus will wither and decay.",
	"type": "origins:multiple",
	"decay": 
		{
			"type": "origins:stacking_status_effect",
			"min_stacks": 0,
			"max_stacks": 2,
			"duration_per_stack": 20,
			"effects": 
				[
					{
						"effect": "minecraft:weakness",
						"duration": 20,
						"amplifier": 2,
						"is_ambient": false,
						"show_particles": false,
						"show_icon": false
					},
					{
						"effect": "minecraft:hunger",
						"duration": 20,
						"amplifier": 2,
						"is_ambient": false,
						"show_particles": false,
						"show_icon": false
					}
				],
			"condition": 
					{
						"type": "origins:and",
						"conditions": 
							[
								{
									"type": "origins:power_active",
									"power": "soulwisp:wisp_form_toggle",
									"inverted": true
								},
								{
									"type": "origins:equipped_item",
									"equipment_slot": "mainhand",
									"item_condition": 
										{
											"type": "origins:or",
											"conditions": 
												[
													{
														"type": "origins:ingredient",
														"ingredient":
															{
																"item": "minecraft:soul_torch"
															}
													},
													{
														"type": "origins:ingredient",
														"ingredient":
															{
																"item": "minecraft:soul_lantern"
															}
													}
												],
												"inverted": true
										}
								},
								{
									"type": "origins:equipped_item",
									"equipment_slot": "offhand",
									"item_condition": 
										{
											"type": "origins:or",
											"conditions": 
												[
													{
														"type": "origins:ingredient",
														"ingredient": 
															{
																"item": "minecraft:soul_torch"
															}
													},
													{
														"type": "origins:ingredient",
														"ingredient": 
															{
																"item": "minecraft:soul_lantern"
															}
													}
												],
											"inverted": true
										}
								},
								{
									"type": "origins:block_in_radius",
									"block_condition": 
										{
											"type": "origins:or",
											"conditions": 
												[
													{
														"type": "origins:block",
														"block": "minecraft:soul_lantern"
													},
													{
														"type": "origins:block",
														"block": "minecraft:soul_torch"
													},
													{
														"type": "origins:block",
														"block": "minecraft:soul_fire"
													},
													{
														"type": "origins:block",
														"block": "minecraft:soul_campfire"
													}
												]	
										},
									"radius": 5,
									"shape": "cube",
									"comparison": "<",
									"compare_to": 1
								}
						]
				}
		},
	"decaydamage": 
		{
			"type": "origins:action_over_time",
			"entity_action":
				{
					"type":"origins:damage",
					"amount": 3,
					"source":
						{
							"name": "wither",
							"bypasses_armor": true,
							"fire": false,
							"unblockable": true,
							"magic": false,
							"out_of_world": false
						}
				},
				"interval": 20,
				"condition": 
					{
						"type": "origins:power_active",
						"power": "soulwisp:dependance_decay"
					}
		},
	"badges":
		[
			{
				"sprite": "minecraft:textures/mob_effect/wither.png",
					"text": "Decaying will also overwhelm you with Weakness and Hunger, as a body fading out of existence does."
			},
			{
				"sprite": "minecraft:textures/item/skull_banner_pattern.png",
				"text": "You can prevent this by entering Wisp form, as you have better control over small wisps than a whole body."
			}
		]
}