{
	"name": "Hypothermia",
	"description": "Unless you're properly warmed up with Leather or a campfire, your flames cannot handle the cold biomes, as you grow weaker in them.",
	"type": "origins:multiple",
	"cold": 
			{
			"type": "origins:stacking_status_effect",
			"min_stacks": 0,
			"max_stacks": 2,
			"duration_per_stack": 10,
			"effects": 
				[
					{
						"effect": "minecraft:slowness",
						"duration": 20,
						"amplifier": 1,
						"is_ambient": false,
						"show_particles": false,
						"show_icon": true
					},
					{
						"effect": "minecraft:hunger",
						"duration": 20,
						"amplifier": 0,
						"is_ambient": false,
						"show_particles": false,
						"show_icon": true
					},
					{
						"effect": "minecraft:weakness",
						"duration": 20,
						"amplifier": 0,
						"is_ambient": false,
						"show_particles": false,
						"show_icon": true
					}
				],
			"condition": 
				{
					"type": "origins:and",
					"conditions":
						[
							{
								"type": "origins:or",
								"conditions": 
									[
										{
											"type": "origins:biome",
											"biome": "minecraft:windswept_hills"
										},
										{
											"type": "origins:biome",
											"biome": "minecraft:windswept_gravelly_hills"
										},
										{
											"type": "origins:biome",
											"biome": "minecraft:windswept_forest"
										},
										{
											"type": "origins:biome",
											"biome": "minecraft:taiga"
										},
										{
											"type": "origins:biome",
											"biome": "minecraft:old_growth_pine_taiga"
										},
										{
											"type": "origins:biome",
											"biome": "minecraft:old_growth_spruce_taiga"
										},
										{
											"type": "origins:biome",
											"biome": "minecraft:stony_shore"
										},
										{
											"type": "origins:biome",
											"biome": "minecraft:cold_ocean"
										},
										{
											"type": "origins:biome",
											"biome": "minecraft:deep_cold_ocean"
										}
									]
							},
							{
								"type": "origins:equipped_item",
								"equipment_slot": "chest",
								"item_condition": 
									{
										"type": "origins:ingredient",
										"ingredient": 
											{
												"item": "minecraft:leather_chestplate"
											}
									},
								"inverted": true
							},
							{
								"type": "origins:block_in_radius",
								"block_condition": 
									{
										"type": "origins:block",
										"block": "minecraft:soul_campfire"
									},
								"radius": 3,
								"shape": "cube",
								"inverted": true
							},
							{
								"type": "origins:block_in_radius",
								"block_condition": 
									{
										"type": "origins:block",
										"block": "minecraft:campfire"
									},
								"radius": 3,
								"shape": "cube",
								"inverted": true
							}
						]
				}
		},
	"glacial": 
		{
			"type": "origins:stacking_status_effect",
			"min_stacks": 0,
			"max_stacks": 2,
			"duration_per_stack": 10,
			"effects": 
				[
					{
						"effect": "minecraft:slowness",
						"duration": 20,
						"amplifier": 2,
						"is_ambient": false,
						"show_particles": false,
						"show_icon": true
					},
					{
						"effect": "minecraft:mining_fatigue",
						"duration": 20,
						"amplifier": 0,
						"is_ambient": false,
						"show_particles": false,
						"show_icon": true
					},
					{
						"effect": "minecraft:hunger",
						"duration": 20,
						"amplifier": 1,
						"is_ambient": false,
						"show_particles": false,
						"show_icon": true
					},
					{
						"effect": "minecraft:weakness",
						"duration": 20,
						"amplifier": 1,
						"is_ambient": false,
						"show_particles": false,
						"show_icon": true
					}
				],
				"condition": 
					{
						"type": "origins:and",
						"conditions":
							[
								{
									"type": "origins:or",
									"conditions": 
										[
											{
												"type": "origins:biome",
												"biome": "minecraft:snowy_plains"
											},
											{
												"type": "origins:biome",
												"biome": "minecraft:ice_spikes"
											},
											{
												"type": "origins:biome",
												"biome": "minecraft:snowy_taiga"
											},
											{
												"type": "origins:biome",
												"biome": "minecraft:snowy_beach"
											},
											{
												"type": "origins:biome",
												"biome": "minecraft:grove"
											},
											{
												"type": "origins:biome",
												"biome": "minecraft:snowy_slopes"
											},
											{
												"type": "origins:biome",
												"biome": "minecraft:frozen_peaks"
											},
											{
												"type": "origins:biome",
												"biome": "minecraft:jagged_peaks"
											},
											{
												"type": "origins:biome",
												"biome": "minecraft:frozen_river"
											},
											{
												"type": "origins:biome",
												"biome": "minecraft:frozen_ocean"
											},
											{
												"type": "origins:biome",
												"biome": "minecraft:deep_frozen_ocean"
											}
										]
								},
								{
									"type": "origins:equipped_item",
									"equipment_slot": "chest",
									"item_condition": 
											{
												"type": "origins:ingredient",
												"ingredient": 
													{
														"item": "minecraft:leather_chestplate"
													}
											},
									"inverted": true
								},
								{
									"type": "origins:block_in_radius",
									"block_condition": 
										{
											"type": "origins:block",
											"block": "minecraft:soul_campfire"
										},
									"radius": 3,
									"shape": "cube",
									"inverted": true
								},
								{
									"type": "origins:block_in_radius",
									"block_condition": 
										{
											"type": "origins:block",
											"block": "minecraft:campfire"
										},
									"radius": 3,
									"shape": "cube",
									"inverted": true
								}
							]
					}
		},
	"shaking": 
		{
			"type": "origins:shaking",
			"condition": 
				{
					"type": "origins:or",
					"conditions":
						[
							{
								"type": "origins:power_active",
								"power": "soulwisp:hypothermia_cold"
							},
							{
								"type": "origins:power_active",
								"power": "soulwisp:hypothermia_glacial"
							}
						]
				}
		}
}