{
	"name": "Inner Fire",
	"description": "Being made of flames, normally edible food will fall right through you. You can however feed yourself off of fire and Dried Kelp!",
	"type": "origins:multiple",
	"kelpsat":
		{
			"type": "origins:modify_food",
			"item_condition": 
				{
					"type": "origins:ingredient",
					"ingredient": 
						{
							"item": "minecraft:dried_kelp"
						}
				},
			"food_modifier": 
				{
					"operation": "multiply_base",
					"value": 3
				},
		"saturation_modifier":
			{
				"operation": "multiply_base",
				"value": 1
			}
		},
	"kindling":
		{
			"type": "origins:prevent_item_use",
			"item_condition":
				{
					"type": "origins:and",
				  	"conditions": 
						[
							{
								"type": "origins:food"
							},
							{
								"type": "origins:ingredient",
								"ingredient":
									{
										"item": "minecraft:dried_kelp"
									},
								"inverted": true
							}
						]
				}
		},
	"inner_fire":
		{
			"type": "origins:action_over_time",
			"entity_action":
				{
					"type": "origins:and",
					"actions":
						[
							{
								"type": "origins:feed",
								"food": 6,
								"saturation": 0
							},
							{
								"type": "origins:extinguish"
							}
						]
				},
			"interval": 40,
			"condition":
				{
					"type": "origins:and",
					"conditions":
						[
							{
								"type": "origins:on_fire"
							},
							{
								"type": "origins:fluid_height",
								"fluid": "minecraft:lava",
								"comparison": ">",
								"compare_to": 0.0,
								"inverted":true
							}
						]
				}
		},
	"fire_immunity":
		{
			"type": "origins:invulnerability",
			"damage_condition":
				{
					"type": "origins:fire"
				}
		},
	"badges":
		[
			{
				"sprite": "origins:textures/gui/badge/arrow_up.png",
				"text": "Dried Kelp will feed you better than usual!"
			},
			{
				"sprite": "minecraft:textures/item/skull_banner_pattern.png",
				"text": "You can't feed off of Lava fire. Trust me, it tastes awful."
			}
		]
}