{
	"type": "origins:multiple",

	"resource": {
		"type": "origins:resource",
		"min": 0,
		"max": 1,
		"hud_render": {
			"should_render": true,
			"sprite_location": "origins:textures/gui/community/spiderkolo/resource_bar_02.png",
			"bar_index": 15
		}
	},

	"beacon":
	{
		"type": "origins:active_self",
		"entity_action": {
			"type": "origins:if_else",
			"condition": {
				"type": "origins:and",
				"conditions": [
					{
						"type": "origins:sneaking"
					},
					{
						"type": "origins:resource",
						"resource": "soulwisp:soulbound_resource",
						"comparison": "==",
						"compare_to": 1
					}
				]
			},
			"if_action": {
				"type": "origins:and",
				"actions": [
					{
						"type": "origins:execute_command",
						"command": "/execute as @e[type=armor_stand,name=Bonfire] at @s run forceload remove ~ ~",
						"permission_level": 4
					},
					{
						"type": "origins:execute_command",
						"command": "/kill @e[type=armor_stand,name=Bonfire]",
						"permission_level": 4
					},
					
					{
						"type": "origins:change_resource",
						"resource": "soulwisp:soulbound_resource",
						"change": -1
					}
				]
			},
			"else_action": {
				"type": "origins:if_else",
				"condition": {
					"type": "origins:and",
					"conditions": [
						{
							"type": "origins:block_in_radius",
							"block_condition": {
								"type": "origins:block",
								"block": "minecraft:soul_campfire"
							},
							"radius": 3,
							"shape": "cube"
						},
						{
							"type": "origins:in_block",
							"block_condition": {
								"type": "origins:movement_blocking"
							},
							"inverted": true
						},
						{
							"type": "origins:on_block",
							"block_condition": {
								"type": "origins:movement_blocking"
							}
						},
						{
							"type": "origins:resource",
							"resource": "soulwisp:soulbound_resource",
							"comparison": "==",
							"compare_to": 0
						}
					]
				},
				"if_action": {
					"type": "origins:and",
					"actions": [
						{
							"type": "origins:execute_command",
							"command": "/spawnpoint @s",
							"permission_level": 4
						},
						{
							"type": "origins:execute_command",
							"command": "/summon armor_stand ~ ~ ~ {Invisible:1b,Invulnerable:1b,PersistenceRequired:1b,NoBasePlate:1b,NoGravity:1b,Small:1b,Marker:1b,CustomName:'{\"text\":\"Bonfire\"}'}",
							"permission_level": 4
						},
						{
							"type": "origins:execute_command",
							"command": "/forceload add ~ ~",
							"permission_level": 4
						},
						{
							"type": "origins:change_resource",
							"resource": "soulwisp:soulbound_resource",
							"change": 1
						}
					]
				},
				"else_action": {
					"type": "origins:and",
					"actions": [
						{
							"type": "origins:apply_effect",
							"effect": {
								"effect": "minecraft:resistance",
								"duration": 20,
								"amplifier": 9,
								"is_ambient": false,
								"show_particles": false,
								"show_icon": false
							}
						},
						{
							"type": "origins:execute_command",
							"command": "/tp @s @e[type=armor_stand,sort=nearest,limit=1,name=Bonfire]",
							"permission_level": 4
						},
						{
							"type": "origins:execute_command",
							"command": "/kill @e[type=armor_stand,name=Bonfire]",
							"permission_level": 4
						},
						{
							"type": "origins:execute_command",
							"command": "/forceload remove ~ ~",
							"permission_level": 4
						},
						{
							"type": "origins:change_resource",
							"resource": "soulwisp:soulbound_resource",
							"change": -1
						}
					]
				}
			}
		},
		"cooldown": 20,
		"hud_render": {
			"should_render": false
		},
		"key": {
			"key":"key.origins.secondary_active"
		}
	},

	"name": "Pyrebound",
	"description": "The bond you share with Soulfire allows you to bind your soul to a Soul Campfire, allowing you to return to it once at any time.",
	"badges": [
		{
			"sprite": "origins:textures/gui/badge/active.png",
			"text": "Activated with your Secondary key!"
		},
		{
			"sprite": "minecraft:textures/item/skull_banner_pattern.png",
			"text": "Use while sneaking to unbind yourself at any moment."
		}
	]
}