{
	"name": "Soul Strides",
	"description": "Being a natural soul, you're unburdened by Soul Sand. Soul Speed enchantments are now active on normal land!",
	"type": "origins:multiple",
	"base":
		{
			"type": "origins:conditioned_attribute",
			"modifier":
				{
					"attribute": "generic.movement_speed",
					"operation": "addition",
					"value": 0.035
				},
			"tick_rate": 10,
			"condition":
				{
					"type": "origins:in_block",
					"block_condition":
						{
							"type": "origins:block",
							"block": "minecraft:soul_sand"
						}
				}
		},
	"one":
		{
			"type": "origins:conditioned_attribute",
			"modifier":
				{
					"attribute": "generic.movement_speed",
					"operation": "addition",
					"value": 0.0405
				},
			"tick_rate": 10,
			"condition":
				{
					"type":"origins:and",
					"conditions":
						[
							{
								"type": "origins:equipped_item",
								"equipment_slot": "feet",
								"item_condition":
									{
										"type": "origins:enchantment",
										"enchantment": "minecraft:soul_speed",
										"comparison": "==",
										"compare_to": "1"
									}
							},
							{
								"type": "origins:in_block",
								"block_condition":
									{
										"type": "origins:block",
										"block": "minecraft:soul_sand"
									},
								"inverted": true
							},
							{
								"type": "origins:on_block",
								"block_condition":
									{
										"type": "origins:block",
										"block": "minecraft:soul_soil"
									},
								"inverted": true
							}
						]
				}
		},
	"two":
		{
			"type": "origins:conditioned_attribute",
			"modifier":
				{
					"attribute": "generic.movement_speed",
					"operation": "addition",
					"value": 0.051
				},
			"tick_rate": 10,
			"condition":
				{
					"type":"origins:and",
					"conditions":
						[
							{
								"type": "origins:equipped_item",
								"equipment_slot": "feet",
								"item_condition":
									{
										"type": "origins:enchantment",
										"enchantment": "minecraft:soul_speed",
										"comparison": "==",
										"compare_to": "2"
									}
							},
							{
								"type": "origins:in_block",
								"block_condition":
									{
										"type": "origins:block",
										"block": "minecraft:soul_sand"
									},
								"inverted": true
							},
							{
								"type": "origins:on_block",
								"block_condition":
									{
										"type": "origins:block",
										"block": "minecraft:soul_soil"
									},
								"inverted": true
							}
						]
				}
		},
	"three":
		{
			"type": "origins:conditioned_attribute",
			"modifier":
				{
					"attribute": "generic.movement_speed",
					"operation": "addition",
					"value": 0.0615
				},
			"tick_rate": 10,
			"condition":
				{
					"type":"origins:and",
					"conditions":
						[
							{
								"type": "origins:equipped_item",
								"equipment_slot": "feet",
								"item_condition":
									{
										"type": "origins:enchantment",
										"enchantment": "minecraft:soul_speed",
										"comparison": "==",
										"compare_to": "3"
									}
							},
							{
								"type": "origins:in_block",
								"block_condition":
									{
										"type": "origins:block",
										"block": "minecraft:soul_sand"
									},
								"inverted": true
							},
							{
								"type": "origins:on_block",
								"block_condition": 
									{
										"type": "origins:block",
										"block": "minecraft:soul_soil"
									},
								"inverted": true
							}
						]
				}
		},
	"damage":
		{
			"type": "origins:action_over_time",
			"entity_action":
				{
				"type": "origins:equipped_item_action",
				"equipment_slot": "feet",
				"action": 
					{
						"type": "origins:damage",
						"amount": 1,
						"ignore_unbreaking": false
					}
				},
			"interval": 30,
			"condition": 
				{
					"type":"origins:and",
					"conditions": 
						[
							{
								"type": "origins:or",
								"conditions": 
									[
										{
											"type": "origins:equipped_item",
											"equipment_slot": "feet",
											"item_condition": 
											{
												"type": "origins:enchantment",
												"enchantment": "minecraft:soul_speed",
												"comparison": "==",
												"compare_to": "1"
											}
										},
										{
											"type": "origins:equipped_item",
											"equipment_slot": "feet",
											"item_condition": {
												"type": "origins:enchantment",
												"enchantment": "minecraft:soul_speed",
												"comparison": "==",
												"compare_to": "2"
											}
										},
										{
											"type": "origins:equipped_item",
											"equipment_slot": "feet",
											"item_condition": {
												"type": "origins:enchantment",
												"enchantment": "minecraft:soul_speed",
												"comparison": "==",
												"compare_to": "3"
											}
										}
									]
							},
							{
								"type": "origins:in_block",
								"block_condition": 
									{
										"type": "origins:block",
										"block": "minecraft:soul_sand"
									},
								"inverted": true
							},
							{
								"type": "origins:on_block",
								"block_condition": 
									{
										"type": "origins:block",
										"block": "minecraft:soul_soil"
									},
								"inverted": true
							},
							{
								"type": "origins:moving"
							}
						]
					}
		}
}