{
	"type": "origins:multiple",

	"torch": {
		"type": "origins:effect_immunity",
		"effects": [
			"minecraft:poison",
			"minecraft:unluck"
		],
		"condition": {
			"type": "origins:equipped_item",
			"equipment_slot": "offhand",
			"item_condition": {
				"type": "origins:ingredient",
				"ingredient": {
					"item":"minecraft:soul_torch"
				}
			}
		}
	},

	"lantern": {
		"type": "origins:stacking_status_effect",
		"min_stacks": 0,
		"max_stacks": 2,
		"duration_per_stack": 20,
		"effect": {
			"effect": "minecraft:resistance",
			"duration": 20,
			"amplifier": 0,
			"is_ambient": false,
			"show_particles": false,
			"show_icon": true
		},
		"condition": {
			"type": "origins:equipped_item",
			"equipment_slot": "offhand",
			"item_condition": {
				"type": "origins:ingredient",
				"ingredient": {
					"item":"minecraft:soul_lantern"
				}
			}
		}
	},

	"campfire": {
		"type": "origins:stacking_status_effect",
		"min_stacks": 0,
		"max_stacks": 2,
		"duration_per_stack": 20,
		"effects": [
		{
			"effect": "minecraft:regeneration",
			"duration": 20,
			"amplifier": 0,
			"is_ambient": false,
			"show_particles": false,
			"show_icon": false
		},
		{
			"effect": "minecraft:saturation",
			"duration": 20,
			"amplifier": 0,
			"is_ambient": false,
			"show_particles": false,
			"show_icon": false
		}
		],
		"condition": {
			"type": "origins:block_in_radius",
			"block_condition": {
				"type": "origins:block",
				"block": "minecraft:soul_campfire"
			},
			"radius": 5,
			"shape": "cube",
			"comparison": ">=",
			"compare_to": 1
		}
	},

	"name": "Tether",
	"description": "Holding Soulfire items or standing near a Soul Campfire comforts you, giving you effects depending on the item.",
	"badges": [
		{
			"sprite": "minecraft:textures/block/soul_torch.png",
			"text": "The Soul Torch's light may be feeble, but it is the purest and drives away Poisons and Bad luck."
		},
		{
			"sprite": "minecraft:textures/item/soul_lantern.png",
			"text": "The Soul Lantern's iron casing protects your source well, and you feel more Resistant while holding one."
		},
		{
			"sprite": "minecraft:textures/item/soul_campfire.png",
			"text": "The Soul camfire comforts the heart, giving you Regeneration. Plus you can eat off of it, so Saturation's a bonus!"
		}
	]
}