{
	"type": "origins:multiple",

	"toggle":{
		"type": "origins:toggle",
		"active_by_default": true,
		"key": {
			"key": "key.origins.primary_active"
		},
		"retain_state": true
	},

	"exhaust": {
		"type": "origins:modify_exhaustion",
    	"modifier": {
    		"operation": "multiply_base",
    		"value": 3
    	},
		"condition": {
    		"type": "origins:power_active",
    		"power": "soulwisp:wisp_form_toggle"
		}
	},

	"inblockexhaust": {
		"type": "origins:modify_exhaustion",
    	"modifier": {
    		"operation": "multiply_base",
    		"value": 5
    	},
		"condition": {
			"type": "origins:and",
			"conditions": [
				{
					"type": "origins:in_block",
					"block_condition": {
						"type": "origins:and",
						"conditions": [
							{
								"type": "origins:movement_blocking"
							},
							{
								"type": "origins:offset",
								"y": 1,
								"condition": {
									"type": "origins:movement_blocking"
								}
							}
						]
					}
				},
				{
					"type": "origins:power_active",
					"power": "soulwisp:wisp_form_toggle"
				}
			]
		}
	},

	"invis": {
		"type": "origins:invisibility",
    	"render_armor": false,
		"condition": {
			"type": "origins:power_active",
			"power": "soulwisp:wisp_form_toggle"
		}
	},

	"flames": {
		"type": "origins:particle",
    	"particle": "soul_fire_flame",
    	"frequency": 10,
    	"condition": {
			"type": "origins:power_active",
			"power": "soulwisp:wisp_form_toggle"
		}
	},

	"phase": {
		"type": "origins:phasing",
		"blacklist": true,
		"render_type": "blindness",
		"view_distance": 10,
		"block_condition": {
			"type": "origins:or",
			"conditions": [
			{
				"type": "origins:in_tag",
				"tag": "origins:unphasable"
			},
			{
				"type": "origins:block",
				"block": "minecraft:snow_block"
			},
			{
				"type": "origins:block",
				"block": "minecraft:snow"
			},
			{
				"type": "origins:block",
				"block": "minecraft:ice"
			},
			{
				"type": "origins:block",
				"block": "minecraft:frosted_ice"
			},
			{
				"type": "origins:block",
				"block": "minecraft:packed_ice"
			},
			{
				"type": "origins:block",
				"block": "minecraft:blue_ice"
			}
			]
		},
		"phase_down_condition": {
			"type": "origins:and",
			"conditions": [
			{
				"type": "origins:sneaking"
			},
			{
				"type": "origins:on_block"
			}
		]
	},
		"condition": {
			"type": "origins:power_active",
			"power": "soulwisp:wisp_form_toggle"
		}
	},

	"slowness": {
		"type": "origins:conditioned_attribute",
		"modifier": {
			"attribute": "minecraft:generic.movement_speed",
			"operation": "multiply_total",
			"value": -0.5
		},
		"tick_rate": 10,
		"condition": {
			"type": "origins:and",
			"conditions": [
				{
					"type": "origins:in_block",
					"block_condition": {
						"type": "origins:and",
						"conditions": [
							{
								"type": "origins:movement_blocking"
							},
							{
								"type": "origins:offset",
								"y": 1,
								"condition": {
									"type": "origins:movement_blocking"
								}
							}
						]
					}
				},
				{
					"type": "origins:power_active",
					"power": "soulwisp:wisp_form_toggle"
				}
			]
		}
	},

	"speed": {
		"type": "origins:conditioned_attribute",
		"modifier": {
			"attribute": "minecraft:generic.movement_speed",
			"operation": "multiply_total",
			"value": 0.4
		},
		"tick_rate": 10,
		"condition": {
			"type": "origins:and",
			"conditions": [
				{
					"type": "origins:in_block",
					"block_condition": {
						"type": "origins:and",
						"conditions": [
							{
								"type": "origins:movement_blocking"
							},
							{
								"type": "origins:offset",
								"y": 1,
								"condition": {
									"type": "origins:movement_blocking"
								}
							}
						],
						"inverted": true
					}
				},
				{
					"type": "origins:power_active",
					"power": "soulwisp:wisp_form_toggle"
				}
			]
		}
	},

	"health": {
		"type": "origins:conditioned_attribute",
		"modifier": {
			"attribute": "minecraft:generic.max_health",
			"operation": "multiply_total",
			"value": -0.5
		},
		"tick_rate": 5,
		"update_health": true,
		"condition": {
			"type": "origins:power_active",
			"power": "soulwisp:wisp_form_toggle"
		}
	},

	"overlay": {
		"type": "origins:overlay",
		"texture": "minecraft:textures/misc/nausea.png",
		"strength": 0.6,
		"red": 0,
		"green": 0.6,
		"blue": 0.7,
		"draw_mode": "nausea",
		"draw_phase": "above_hud",
		"hide_with_hud": false,
		"visible_in_third_person": true,
		"condition": {
			"type": "origins:power_active",
			"power": "soulwisp:wisp_form_toggle"
		}
	},

	"name": "Wisp Form",
	"description": "You can disperse your flames to become faster, and slowly slip through the cracks of the walls and ground. Phasing exhausts you however!",
	"badges": [
		{
			"sprite": "origins:textures/gui/badge/toggle.png",
			"text": "Activated when pressing your Primary Power key!"
		},
		{
			"sprite": "minecraft:textures/mob_effect/instant_damage.png",
			"text": "Having your flames scattered around halves your health, in correct fantasy logic."
		},
		{
			"sprite": "minecraft:textures/item/skull_banner_pattern.png",
			"text": "Obsidian(s) and blocks like Snow and Ice are untraversable. The opposite would be certain extinction, so better not to try."
		}
	]
}