{
    "type": "apoli:multiple",
    "hidden": true,
    "green": {
      "type": "apoli:overlay",
      "hidden": true,
      "texture": "minecraft:textures/misc/nausea.png",
      "red": 0.2,
      "green": 0.4,
      "blue": 0.2,
      "strength": 0.7,
      "draw_mode": "nausea",
      "draw_phase": "above_hud",
      "visible_in_third_person": true,
      "hide_with_hud": true,
      "condition": {
        "type": "apoli:and",
        "conditions": [
          {
            "type": "apoli:power_active",
            "power": "base:phantomize"
          },
          {
            "type": "apoli:food_level",
            "comparison": ">",
            "compare_to": 10
          }
        ]
      }
    },
    "orange": {
      "type": "apoli:overlay",
      "hidden": true,
      "texture": "minecraft:textures/misc/nausea.png",
      "red": 0.3,
      "green": 0.3,
      "blue": 0.2,
      "strength": 0.7,
      "draw_mode": "nausea",
      "draw_phase": "above_hud",
      "visible_in_third_person": true,
      "hide_with_hud": true,
      "condition": {
        "type": "apoli:and",
        "conditions": [
          {
            "type": "apoli:power_active",
            "power": "base:phantomize"
          },
          {
            "type": "apoli:food_level",
            "comparison": "<=",
            "compare_to": 10
          },
          {
            "type": "apoli:food_level",
            "comparison": ">",
            "compare_to": 8
          }
        ]
      }
    },
    "red": {
      "type": "apoli:overlay",
      "hidden": true,
      "texture": "minecraft:textures/misc/nausea.png",
      "red": 0.4,
      "green": 0.2,
      "blue": 0.2,
      "strength": 0.7,
      "draw_mode": "nausea",
      "draw_phase": "above_hud",
      "visible_in_third_person": true,
      "hide_with_hud": true,
      "condition": {
        "type": "apoli:and",
        "conditions": [
          {
            "type": "apoli:power_active",
            "power": "base:phantomize"
          },
          {
            "type": "apoli:food_level",
            "comparison": "<=",
            "compare_to": 8
          }
        ]
      }
    }
  }