{
	"name": "Arachnid",
	"description": "Their climbing abilities and the ability to trap their foes in spiderweb make the Arachnid perfect hunters.",
	"icon": 
		{
			"item": "minecraft:cobweb"
		},
	"order": 1,
	"impact": 1,
	"powers": [
		"origins:climbing",
		"origins:master_of_webs",
		"origins:carnivore",
		"origins:fragile",
		"origins:arthropod",
		"base:reset_drag_kill"
	],
	"upgrades":
		[
			{
				"condition": "minecraft:end/kill_dragon",
				"origin": "upgraded:adapted_arachnid",
				"announcement": "You have evolved... Best check your origin again..."
			}
		]
}