{
	"name": "Blazeborn",
	"description": "Late descendants of the Blaze, the Blazeborn are naturally immune to the perils of the Nether.",
	"icon": 
		{
			"item": "minecraft:blaze_powder"
		},
	"order": 1,
	"impact": 3,
	"powers": [
		"origins:fire_immunity",
		"origins:nether_spawn",
		"origins:burning_wrath",
		"origins:hotblooded",
		"origins:water_vulnerability",
		"origins:flame_particles",
		"origins:damage_from_snowballs",
		"origins:damage_from_potions",
		"base:reset_drag_kill"
	],
	"upgrades":
		[
			{
				"condition": "minecraft:end/kill_dragon",
				"origin": "upgraded:adapted_blazeborn",
				"announcement": "You have evolved... Best check your origin again..."
			}
		]
}