{
	"name": "Merling",
	"description": "These natural inhabitants of the ocean are not used to being out of the water for too long.",
	"icon": 
		{
			"item": "minecraft:cod"
		},
	"order": 0,
	"impact": 3,
	"powers": [
		"origins:water_breathing",
		"origins:water_vision",
		"origins:aqua_affinity",
		"origins:swim_speed",
		"origins:like_water",
		"origins:aquatic",
		"origins:conduit_power_on_land",
		"origins:air_from_potions",
		"base:reset_drag_kill"
	],
	"upgrades":
		[
			{
				"condition": "minecraft:end/kill_dragon",
				"origin": "upgraded:adapted_merling",
				"announcement": "You have evolved... Best check your origin again..."
			}
		]
}