{
	"name": "Phantom",
	"description": "As half-human and half-phantom offspring, these creatures can switch between a Phantom and a normal form.",
	"icon": 
		{
			"item": "minecraft:phantom_membrane"
		},
	"order": 2,
	"impact": 3,
	"powers": [
		"base:phantomize",
		"origins:translucent",
		"base:phasing",
		"base:invisibility",
		"origins:burn_in_daylight",
		"origins:hunger_over_time",
		"origins:fragile",
		"base:phantomize_overlay",
		"base:reset_drag_kill"
	],
	"upgrades":
		[
			{
				"condition": "minecraft:end/kill_dragon",
				"origin": "upgraded:adapted_phantom",
				"announcement": "You have evolved... Best check your origin again..."
			}
		]
}