{
	"type": "origins:multiple",
	"name": "Trident Proficiency",
	"description": "The use of that ancient weapon is printed into your hands.",
	"melee_damage": 
		{
			"type": "origins:modify_damage_dealt",
			"condition": 
				{
					"type": "origins:equipped_item",
					"equipment_slot": "mainhand",
					"item_condition": 
						{
							"type": "origins:ingredient",
							"ingredient": 
								{
									"item": "minecraft:trident"
								}
						}
				},
			"modifier": 
				{
					"operation": "addition",
					"value": 3
				}
		},
	"thrown_damage":
		{
			"type": "origins:modify_projectile_damage",
			"damage_condition":
				{
					"type": "origins:projectile",
					"projectile": "minecraft:trident"
				},
			"modifier":
				{
					"operation": "addition",
					"value": 3
				}
		},
	"attack_speed": 
		{
			"type": "origins:conditioned_attribute",
			"modifier": 
				{
					"attribute": "minecraft:generic.attack_speed",
					"operation": "addition",
					"value": 0.5
				},
			"tick_rate": 20,
			"condition": 
				{
					"type": "origins:equipped_item",
					"equipment_slot": "mainhand",
					"item_condition": 
						{
							"type": "origins:ingredient",
							"ingredient": 
								{
									"item": "minecraft:trident"
								}
						}
				}
		}
}