{
    "name": "Sonic Boom",
    "description": "You've masterd the arts of flight. Now while in flight, you're able to grant yourself a boost in velocity.",
    "key": 
        {
            "key": "key.origins.secondary_active",
            "continuous": false
        },
    "cooldown": 50,
    "type": "origins:active_self",
    "entity_action": 
        {
            "type": "origins:and",
            "actions": 
                [
                    {
                        "type": "origins:execute_command",
                        "command": "particle minecraft:cloud ~ ~ ~ 0.5 0 0.5 0.2 20 normal",
                        "permission_level": 4
                    },
                    {    
                        "type": "origins:execute_command",
                        "command": "playsound minecraft:entity.firework_rocket.blast_far player @s",
                        "permission_level": 4
                    },
                    {
                        "type": "origins:add_velocity",
                        "z": 1.0,
                        "space": "local"
                    },
                    {
                        "type": "origins:exhaust",
                        "amount": 0.8
                    }
                ]
        },
    "condition": 
        {
            "type":"origins:fall_flying"
        },
    "hud_render": 
        {
            "should_render": true,
            "sprite_location": "origins:textures/gui/community/spiderkolo/resource_bar_03.png",
            "bar_index": 23
        }
  }