{
    "name": "Broiler Bolt",
	"description": "You can now gain incredible speed at the cost of having to take a quick breather afterwards.",
    "key": "primary",
    "cooldown": 250,
	"type": "origins:active_self",
	"entity_action": 
        {
            "type": "origins:and",
            "actions": 
                [
                    {
                        "type": "origins:apply_effect",
                        "effect":
                            {
                                "effect": "minecraft:speed",
                                "duration": 200,
                                "amplifier": 3,
                                "show_particles": false
                            }
                    },
                    {
                        "type": "origins:exhaust",
                        "amount": 0.5
                    },
                    {
                        "type": "origins:delay",
                        "ticks": 200,
                        "action": 
                            {
                                "type": "origins:apply_effect",
                                "effect":
                                    {
                                        "effect": "minecraft:slowness",
                                        "amplifier": 4,
                                        "duration": 50,
                                        "show particles": false
                                    }
                            }
                    }
                ]
	    },
	"hud_render": 
        {
            "should_render": true,
            "sprite_location": "origins:textures/gui/community/spiderkolo/resource_bar_03.png",
            "bar_index": 23
        }
}