{
    "hidden": true,
    "cooldown": 100,
    "type": "origins:active_self",
    "key": 
        {
            "key": "key.origins.secondary_active"
        },
    "entity_action": 
        {
            "type": "origins:delay",
            "ticks": 30,
            "action": 
            {
                "type": "origins:execute_command",
                "command": "kill @e[type=minecraft:small_fireball]"
            }
        },
    "hud_render": 
        {
            "sprite_location": "origins:textures/gui/resource_bar.png",
            "bar_index": 7,
            "should_render": false
        }
  }