{
	"name": "Serrated Claws",
	"description": "Dealing damage with your fists now do extra damage due to your extremely sharp claws.",
	"type": "origins:modify_damage_dealt",
	"damage_condition": 
		{
			"type": "origins:attacker",
			"entity_condition":
				{
					"type": "origins:equipped_item",
					"equipment_slot": "mainhand",
					"item_condition":
						{
							"type": "origins:ingredient",
							"ingredient":
								{
									"item": "minecraft:air"
								}
						}
				}
		},
	"modifier": 
		{
			"attribute": "minecraft:generic.attack_damage",
			"value": 5,
			"operation": "addition"
		}
}