{
    "hidden": true,
    "type": "origins:stacking_status_effect",
    "min_stacks": "0",
    "max_stacks": "1",
    "duration_per_stack": "20",
    "effect": 
        {
            "effect": "minecraft:resistance",
            "duration": 100,
            "amplifier": 2,
            "is_ambient": true,
            "show_particles": false,
            "show_icon": true
        },
    "condition":
        {
            "type": "origins:power_active",
            "power": "*:juggernaut_toggle"
        }
}