{
    "hidden": true,
    "type": "origins:stacking_status_effect",
    "min_stacks": "0",
    "max_stacks": "1",
    "duration_per_stack": "40",
    "effect": 
        {
            "effect": "minecraft:blindness",
            "duration": 20,
            "amplifier": 3,
            "is_ambient": true,
            "show_particles": false,
            "show_icon": false
        },
    "condition": 
        {
            "type": "origins:power_active",
            "power": "*:juggernaut_toggle"
        }
}