{
    "name": "Less Kinetic Damage",
    "description": "You now take slightly less kinetic damage...",
    "type": "origins:modify_damage_taken",
    "modifier": 
        {
            "name": "More kinetic damage taken",
            "value": 0.2,
            "operation": "multiply_base"
        },
    "damage_condition":
        {
            "type": "origins:or",
            "conditions": 
                [
                    {
                        "type": "origins:name",
                        "name": "fall"
                    },
                    {
                        "type": "origins:name",
                        "name": "flyIntoWall"
                    }
                ]
        }
  }