{
    "name": "Neptune's Blessing",
    "description": "Neptune has answered! You can summon rain at your will now! Use this ability wisely....",
    "cooldown": 1734000,
    "type": "origins:active_self",
    "key": 
        {
            "key": "key.origins.secondary_active"
        },
    "entity_action": 
        {
            "type": "origins:and",
            "actions": 
                [
                    {
                        "type": "origins:execute_command",
                        "command": "particle minecraft:dolphin ~ ~1 ~ .4 .4 .4 0 1000 normal"
                    },
                    {
                        "type": "origins:execute_command",
                        "command": "weather rain"
                    }
                ]
        },
  "hud_render":
        {
            "sprite_location": "origins:textures/gui/resource_bar.png",
            "bar_index": 1
        }
}