{
    "name": "Poisonous Diet+",
    "description": "You are immune to negative effects from poisonous food, and can get more nutrients from it. You also gain a slight buff to speed and strength.",
    "type": "origins:modify_food",
    "item_condition":
        {
            "type": "origins:ingredient",
            "ingredient":
                {
                    "tag": "raccoon:junk_food"
                }
        },
    "food_modifier":
        {
            "operation": "addition",
            "value": 3
        },
    "saturation_modifier":
        {
            "operation": "addition",
            "value": 0.5
        },
    "prevent_effects": true,
    "entity_action":
        {
            "type": "origins:apply_effect",
            "effects":
                [
                    {
                        "effect": "minecraft:strength",
                        "duration": 200,
                        "amplifier": 0
                    },
                    {
                        "effect": "minecraft:speed",
                        "duration": 200,
                        "amplifier": 0
                    }
                ]
        }
}