{
    "name": "Poisonous Diet",
    "description": "You are immune to negative effects from poisonous food, and can get more nutrients from it.",
    "type": "origins:modify_food",
    "item_condition":
        {
            "type": "origins:ingredient",
            "ingredient":
                {
                    "tag": "raccoon:junk_food"
                }
        },
    "food_modifier":
        {
            "operation": "addition",
            "value": 3
        },
    "saturation_modifier":
        {
            "operation": "addition",
            "value": 0.5
        },
    "prevent_effects": true
}